Title,Media URL,Pinterest board,Description,Link,Keywords
Spring Camping Sale Best Deals April 2026,https://camprally.co/assets/spring/camp-rally-spring-carousel.png,Spring Camping,Spring camping deals on tents sleeping bags camp kitchen and more Budget gear that actually works,https://camprally.co/spring-deals,camping springcamping gearsale budgetcamping 2026
Spring Camping Checklist Dont Forget These 12 Items,https://camprally.co/assets/spring/camp-rally-spring-slide-1.png,Spring Camping,Your spring camping packing list 30F nights happen be ready Full checklist on Camp Rally,https://camprally.co/blog/spring-camping-checklist,campingchecklist springcamping packinglist campinggear
Spring Camping Mistakes 3 Will Surprise You,https://camprally.co/assets/spring/camp-rally-spring-slide-2.png,Spring Camping,5 mistakes beginners make in spring camping 3 packing only summer gear when spring nights hit 30F,https://camprally.co/blog/spring-camping-mistakes,springcamping campingtips mistakes beginnercamping
Best Time to Buy Camping Gear This Spring,https://camprally.co/assets/spring/camp-rally-spring-slide-3.png,Spring Camping,April equals sleeping bag clearance Winter stock 40 to 60 percent off Heres what to buy now and what to wait on,https://camprally.co/spring-deals,springcamping gearsale clearance budget
Spring Camping Essentials Complete Kit Under 300,https://camprally.co/assets/spring/camp-rally-spring-slide-4.png,Spring Camping,Complete spring camping kit for under 300 dollars Tent sleeping bag pad stove lights all budget picks,https://camprally.co/spring-deals,campinggear budgetcamping essentials spring
Spring Camping Deals Tents and Sleeping Bags,https://camprally.co/assets/spring/camp-rally-spring-slide-5.png,Spring Camping,Tents from 50 dollars sleeping bags from 25 dollars Spring sale on budget camping essentials,https://camprally.co/spring-deals,springcamping tents sleepingbags sale
5 Spring Camping Mistakes Avoid These,https://camprally.co/assets/spring/camp-rally-5-mistakes.png,Spring Camping,5 spring camping mistakes that ruin trips summer gear no snow check missing rain layers no backup power skipping bear canister,https://camprally.co/blog/spring-camping-mistakes,springcamping mistakes campingtips beginner
Spring Camping Gear Checklist 2026,https://camprally.co/assets/spring/camp-rally-gear-checklist-v2.png,Spring Camping,Complete spring camping gear checklist What to pack for spring camping temps can drop to 30F at night,https://camprally.co/blog/camping-essentials-checklist,campingchecklist gearlist springcamping camping2026
Essential Camping Gear Checklist Free Download,https://camprally.co/assets/spring/essential-gear-camping-checklist.png,Spring Camping,Essential camping gear checklist Everything you need for your first camping trip Free on Camp Rally,https://camprally.co/blog/camping-essentials-checklist,campingchecklist beginnercamping essentials gear
Spring Camping Packing List Pinterest,https://camprally.co/assets/spring/camp-rally-pack-list-pin.png,Spring Camping,Spring camping packing list Tent sleeping bag 30F camp pillow headlamp first aid water filter layers,https://camprally.co,campingpackinglist springcamping packinglist
Whats in My Camping Pack Spring Setup,https://camprally.co/assets/spring/camp-rally-whats-in-pack.png,Spring Camping,My spring camping pack contents Budget-friendly gear that actually works Full list on Camp Rally,https://camprally.co,backpacking gear campingpack spring
Camping Quote The Best Sessions End With Embers,https://camprally.co/assets/spring/camp-rally-quote.png,Spring Camping,The best camping sessions end with embers and smoke Camp more Worry less Plan at Camp Rally,https://camprally.co,campingquotes camplife outdoors
REI Spring Sale Camping Gear Deals,https://camprally.co/assets/spring/camp-rally-rei-sale-post.png,Spring Camping,REI Spring Sale camping gear deals Now through April What to buy and what to skip,https://camprally.co/blog/rei-spring-sale-guide,campinggear sale REI spring
